,index,cpi_index,Int_Rate,Treasury_1,Treasury_5,Treasury_10,CSI_300,year,month,date,cpi_index_y,cpi_index_x,d_M2,d_M1,d_M0,benchmark_forecast,Int_Rate_forecast,Treasury_1_forecast,Treasury_5_forecast,Treasury_10_forecast,CSI_300_forecast,d_M2_forecast,d_M1_forecast,d_M0_forecast,machinelearning_out_of_sample,timevary_forecast
0,2002-01,1.0,2.32,2.13,2.77,3.36,1221.76,2002,1,2002-01-01,,,,,,,,,,,,,,,,
1,2002-02,1.011,2.32,2.18,2.68,3.19,1244.603,2002,2,2002-02-01,-12.257575,13.127928,0.008087158,-0.03141117,-0.0050554276,,,,,,,,,,,
2,2002-03,0.9978569999999999,2.11,1.96,2.49,3.01,1313.466,2002,3,2002-03-01,17.279358,-15.702288,0.019256592,0.013064384,-0.06818771,,,,,,,,,,,
3,2002-04,0.9948634289999999,2.08,1.98,2.32,2.68,1353.607,2002,4,2002-04-01,5.282731,-3.6054108,0.0030794144,0.016450882,0.020348549,,,,,,,,,,,
4,2002-05,0.9918788387129999,2.06,1.88,2.17,2.49,1238.577,2002,5,2002-05-01,4.8807206,-3.6054108,0.0087862015,0.012908936,-0.039938927,,,,,,,,,,,
5,2002-06,0.9829519291645828,2.02,1.8,2.16,2.52,1431.175,2002,6,2002-06-01,11.82102,-10.848893,0.021324158,0.03050518,-0.009605408,,,,,,,,,,,
6,2002-07,0.9829519291645828,2.02,1.78,2.26,2.72,1358.16,2002,7,2002-07-01,0.47087196,0.0,0.0073423386,0.005429268,0.017095566,,,,,,,,,,,
7,2002-08,0.9859007849520764,2.04,1.79,2.48,3.12,1361.298,2002,8,2002-08-01,-2.7257283,3.5946107,0.013948441,0.021520615,0.022849083,,,,,,,,,,,
8,2002-09,0.9957597928015972,2.09,1.85,2.54,3.17,1285.652,2002,9,2002-09-01,-10.873691,11.940397,0.021325111,0.029332161,0.032618523,,,,,,,,,,,
9,2002-10,0.9977513123872004,2.04,2.04,2.58,3.08,1225.338,2002,10,2002-10-01,-0.6347229,2.3976033,0.0017442703,0.0044879913,-0.013577461,,,,,,,,,,,
10,2002-11,0.9967535610748132,2.05,1.91,2.64,3.3,1164.618,2002,11,2002-11-01,4.0585637,-1.2006004,0.013680458,0.013214111,0.02050209,,,,,,,,,,,
11,2002-12,0.9997438217580374,2.17,1.94,2.64,3.26,1103.641,2002,12,2002-12-01,-0.43799108,3.5946107,0.028903008,0.04161167,0.055428505,,,,,,,,,,,
12,2003-01,1.0107410037973759,2.06,1.77,2.48,3.14,1207.597,2003,1,2003-01-01,-9.971309,13.127928,0.02949524,0.021270752,0.20667362,,,,,,,,,,,
13,2003-02,1.0198376728315521,2.05,1.5,2.39,3.19,1213.862,2003,2,2003-02-01,-8.691244,10.75169,-0.0022945404,-0.0372715,-0.16923428,,,,,,,,,,,
14,2003-03,1.013718646794563,1.99,1.73,2.43,3.08,1215.168,2003,3,2003-03-01,10.18349,-7.221687,0.022772789,0.023828506,-0.047416687,,,,,,,,,,,
15,2003-04,1.0116912095009738,1.96,1.92,2.49,3.02,1239.952,2003,4,2003-04-01,6.063161,-2.402403,0.0084114075,-0.0016469955,0.019373894,,,,,,,,,,,
16,2003-05,1.004609371034467,1.99,2.04,2.44,2.84,1300.865,2003,5,2003-05-01,12.692707,-8.429538,0.017061234,0.020216942,-0.018875122,,,,,,,,,,,
17,2003-06,0.9925540585820534,2.08,2.18,2.54,2.9,1214.547,2003,6,2003-06-01,19.255064,-14.487098,0.02671814,0.04231167,-0.009283066,,,,,,,,,,,
18,2003-07,0.9875912882891431,2.13,2.3,2.63,2.95,1222.737,2003,7,2003-07-01,11.08407,-6.0150504,0.00625515,0.0030183792,0.023617744,,,,,,,,,,,
19,2003-08,0.994504427307167,2.09,2.47,2.68,2.89,1178.574,2003,8,2003-08-01,-3.3017166,8.370736,0.021108627,0.011492729,0.013991356,,,,,,,,,,,
20,2003-09,1.006438480434853,2.52,2.58,2.81,3.04,1127.144,2003,9,2003-09-01,-9.344129,14.314285,0.014029503,0.027285576,0.038965225,,,,,,,,,,,
21,2003-10,1.0154964267587665,2.78,2.57,3.0,3.35,1111.617,2003,10,2003-10-01,-6.677507,10.75169,0.0042152405,0.013839722,-0.0030460358,,,,,,,,,,,
22,2003-11,1.0256513910263543,2.37,2.49,3.05,3.59,1142.975,2003,11,2003-11-01,-9.161698,11.940397,0.008738518,0.006802559,0.010295868,,,,,,,,,,,
23,2003-12,1.0318052993725124,2.04,2.28,3.05,3.78,1194.744,2003,12,2003-12-01,-4.8980446,7.178486,0.022265434,0.040065765,0.06844807,,,,,,,,,,,
24,2004-01,1.04315515766561,2.17,2.38,3.09,3.79,1281.334,2004,1,2004-01-01,-11.343273,13.127928,0.017382622,-0.0037240982,0.121076584,-10.461203,-10.698903,-9.681253,-9.1307,-9.999587,-11.791455,-10.294175,-10.65568,-10.077342,-10.039152145385742,-11.916647526435925
25,2004-02,1.0410688473502787,2.09,2.4,3.12,3.83,1351.61,2004,2,2004-02-01,6.17125,-2.402403,0.008620262,-0.002981186,-0.1136322,5.0733666,5.071329,6.2699194,6.856876,5.483673,3.7671046,4.8817177,4.725554,4.7111607,5.4702324867248535,3.837805479390605
26,2004-03,1.0441920538923295,1.9,2.49,3.19,3.88,1384.954,2004,3,2004-03-01,-1.0293894,3.5946107,0.02007389,0.026678085,-0.030418396,-0.8255437,-1.6402599,0.4162928,0.59370047,-0.37873852,-2.597406,-0.6974875,-0.73045766,-0.8635982,-1.3823280334472656,-0.8255437129086536
27,2004-04,1.049413014161791,2.05,2.66,3.43,4.17,1239.72,2004,4,2004-04-01,-4.2190337,5.9850497,0.008481979,-0.0024728775,0.029662132,-3.2191958,-3.5977144,-1.7064613,-1.6079804,-2.678424,-3.317741,-3.351366,-3.3042018,-3.212777,-4.198441028594971,-3.3177409019516784
28,2004-05,1.0483636011476292,1.99,2.84,3.56,4.3,1206.841,2004,5,2004-05-01,2.8664665,-1.2006004,0.0051851273,0.0136528015,-0.04264927,4.077682,3.763108,5.804611,5.285135,4.166924,4.5911984,3.8854842,4.058433,4.041777,3.770221471786499,4.077682127970975
29,2004-06,1.0410250559395957,2.24,2.96,3.64,4.32,1078.485,2004,6,2004-06-01,9.994648,-8.429538,0.015151024,0.021058083,-0.0016212463,11.49092,12.456329,12.765223,11.823743,10.873801,13.56235,11.480441,11.497234,11.510135,10.502232551574707,13.562350540733094
30,2004-07,1.0389430058277165,2.18,3.07,3.87,4.65,1088.677,2004,7,2004-07-01,4.167714,-2.402403,-0.0012617111,-0.007303238,0.020378113,5.406876,5.754281,5.926255,4.871639,4.052731,6.2125115,4.971925,5.185136,5.4331284,5.6212239265441895,5.406876211232504
31,2004-08,1.0462156068685105,2.27,3.26,4.06,4.81,1055.97,2004,8,2004-08-01,-7.103187,8.370736,0.006706238,0.012907982,0.005592346,-5.631372,-5.3800483,-5.659898,-6.9001837,-7.5161104,-5.2453628,-5.8157754,-5.6186695,-5.652856,-2.9938344955444336,-5.631372141260174
32,2004-09,1.057723978544064,2.23,3.03,4.16,5.17,1109.324,2004,9,2004-09-01,-12.256811,13.127928,0.016661644,0.014633179,0.050269127,-10.549485,-10.553753,-10.943194,-12.112625,-12.8627825,-10.614141,-10.439337,-10.49066,-10.530411,-9.743919372558594,-10.54948536667693
33,2004-10,1.057723978544064,2.16,3.0,4.06,5.02,1050.299,2004,10,2004-10-01,1.2703191,0.0,-6.771088e-05,0.0037899017,-0.02196598,3.021143,3.1178687,2.4144292,1.3702152,0.8712167,2.625932,2.5415041,2.8657477,2.9910223,2.7771689891815186,3.0211429152695453
34,2004-11,1.0545508066084317,2.09,3.01,4.19,5.24,1062.814,2004,11,2004-11-01,4.87573,-3.6054108,0.013833046,0.017520905,0.006503105,6.7134614,6.72469,5.966022,4.7616405,4.2239933,6.1695676,6.7246475,6.749371,6.7374334,5.045823574066162,4.223993404151369
35,2004-12,1.05560535741504,1.88,2.91,4.15,5.2,1000.0,2004,12,2004-12-01,0.37017077,1.1994004,0.024272919,0.03804493,0.060437202,1.6692984,1.2120261,1.0416571,-0.04602967,-0.45030195,0.7707088,2.0982916,2.0576675,1.7371188,1.1505988836288452,-0.7220347925755615
36,2005-01,1.0619389895595301,1.88,2.82,4.0,5.05,954.879,2005,1,2005-01-01,-4.9154997,7.178486,0.017619133,0.011493683,0.11211777,-4.530872,-5.153688,-4.9966464,-5.84021,-6.20092,-5.717407,-4.380754,-4.5212073,-4.4996157,-4.480184555053711,-6.3647273851169786
37,2005-02,1.0810538913716017,2.1,2.84,3.89,4.82,1039.989,2005,2,2005-02-01,-20.430153,21.407902,0.00637722,-0.04491806,-0.05774212,-19.271103,-19.767044,-19.511843,-19.964136,-20.136288,-19.685091,-19.35522,-19.679438,-19.125,-8.72911262512207,-20.170491167091473
38,2005-03,1.0713244063492573,1.72,2.75,3.68,4.53,942.203,2005,3,2005-03-01,11.725683,-10.848893,0.019970894,0.020562172,-0.06511688,14.090032,13.402771,13.283267,12.877999,12.834411,12.749131,14.245027,14.051499,14.162901,9.34509563446045,13.072801269110405
39,2005-04,1.0681104331302096,1.23,2.61,3.35,4.06,932.395,2005,4,2005-04-01,4.8826017,-3.6054108,0.009043694,-0.0015792847,0.0199337,6.354224,4.022183,6.2827764,6.231429,6.1965733,5.0378127,6.2493186,6.090862,6.364771,4.37460994720459,6.031034556488354
40,2005-05,1.065974212263949,1.25,2.5,3.19,3.86,855.946,2005,5,2005-05-01,3.6795938,-2.402403,0.008384705,0.012693405,-0.040260315,4.9833584,3.0888913,5.4271855,5.347701,5.2598324,3.3436553,4.821355,4.918975,5.0021296,4.566775798797607,5.0136356849755135
41,2005-06,1.0574464185658374,1.28,2.22,2.96,3.65,878.686,2005,6,2005-06-01,13.207875,-9.638606,0.024018288,0.02880001,0.0017843246,12.053884,10.786932,13.442582,12.976082,12.725831,10.892997,12.379805,12.215197,12.063025,10.264031410217285,12.703188370830134
42,2005-07,1.0574464185658374,1.23,1.81,2.63,3.39,888.164,2005,7,2005-07-01,4.564302,0.0,0.004272461,-0.009448051,0.015347481,2.2795122,1.3219206,4.864802,4.0438743,3.4987109,1.5650336,2.1282568,1.9050406,2.2813256,1.1773016452789307,3.227979363885046
43,2005-08,1.0595613114029692,1.2,1.59,2.49,3.32,927.916,2005,8,2005-08-01,2.3661008,2.3976033,0.015483856,0.017292023,0.008482933,-0.12575233,-0.21506412,2.682819,1.8586423,1.1983334,-0.31318095,-0.06906871,-0.03701614,-0.12842897,-0.44305354356765747,2.682818886919412
44,2005-09,1.06697824058279,1.2,1.42,2.42,3.34,917.392,2005,9,2005-09-01,-3.8058398,8.370736,0.02162838,0.015835762,0.04224682,-6.0150266,-5.58583,-3.0610929,-3.9831996,-4.7482543,-5.992799,-5.9600763,-5.8841276,-6.0313807,-6.209141254425049,-6.015026789755581
45,2005-10,1.071246153545121,1.26,1.42,2.22,2.98,876.282,2005,10,2005-10-01,-0.5247808,4.7904253,0.00053310394,0.007774353,-0.017205238,-2.5191023,-1.7521603,0.09530622,-0.21646635,-0.66596806,-2.3256571,-2.7099664,-2.5255494,-2.5159054,-5.969152450561523,-2.519102406360245
46,2005-11,1.0680324150844855,1.24,1.63,2.47,3.26,873.825,2005,11,2005-11-01,8.471057,-3.6054108,0.016411781,0.023061752,0.023314476,5.9090247,6.8541613,7.9149632,7.5825973,7.2672114,6.1718774,5.9416842,5.948133,5.9025455,4.429810047149658,5.909024645410371
47,2005-12,1.0723045447448234,1.52,1.84,2.55,3.23,923.451,2005,12,2005-12-01,1.0663095,4.7904253,0.021672249,0.029830933,0.06989288,-2.4819386,-1.7754637,-1.011921,-0.8825958,-0.90553224,-2.1500914,-2.3305125,-2.312541,-2.4130692,-0.45717597007751465,-2.4819386081032366
48,2006-01,1.086244503826506,1.56,1.64,2.35,3.02,1009.597,2006,1,2006-01-01,-10.236796,15.499471,0.015992165,-0.00026226044,0.19856834,-13.147562,-12.140945,-11.120865,-10.867141,-10.833749,-12.861736,-12.968104,-13.044274,-12.432385,-10.814066886901855,-13.147561984817251
49,2006-02,1.0916757263456385,1.35,1.69,2.31,2.93,1053.01,2006,2,2006-02-01,-0.2260971,5.9850497,0.003107071,-0.027350426,-0.18000317,-3.2467406,-2.1153414,-1.4253907,-1.0551445,-0.9663875,-3.308063,-3.7244706,-4.106967,-5.2166505,-3.7078804969787598,-2.1153414106036017
50,2006-03,1.0807589690821822,1.46,1.7,2.44,2.91,1061.088,2006,3,2006-03-01,18.52394,-12.060403,0.019429207,0.022550583,-0.042128563,14.324681,14.70479,16.546448,16.373732,16.647284,13.814979,14.523512,14.2894945,14.277342,10.988468170166016,14.32468081085155
51,2006-04,1.0818397280512642,1.64,1.7,2.57,2.98,1172.347,2006,4,2006-04-01,5.064135,1.1994004,0.010290146,-0.0032653809,0.028711319,1.7030281,1.850044,3.5882711,3.328669,3.9033346,0.57727975,1.5978692,1.5853484,1.7446856,0.33817335963249207,3.5882712182703616
52,2006-05,1.0796760485951615,1.43,1.73,2.48,3.01,1365.451,2006,5,2006-05-01,9.165689,-2.402403,0.009541512,0.0262537,-0.028998375,5.493295,6.174216,7.2707214,7.282407,7.5260906,4.2304096,5.340681,5.4961805,5.4183846,3.6337602138519287,7.270721583059989
53,2006-06,1.095871189324089,1.69,1.92,2.64,3.09,1393.963,2006,6,2006-06-01,-12.192708,17.866335,0.018912315,0.028193474,0.00016117096,-14.763768,-14.354439,-13.680261,-13.187362,-12.444356,-13.706946,-14.498145,-14.4618025,-14.816729,-9.461379051208496,-14.763768118297651
54,2006-07,1.1068299012173297,2.06,2.06,2.75,3.21,1294.328,2006,7,2006-07-01,-7.2618027,11.940397,0.0038785934,0.0027618408,0.012007713,-8.479031,-9.592431,-7.8854737,-7.4274235,-6.85669,-7.4387684,-8.8271265,-8.465578,-8.4837675,-9.481626510620117,-9.592431510221143
55,2006-08,1.1112572208221991,2.23,2.13,2.78,3.25,1338.694,2006,8,2006-08-01,0.68182373,4.7904253,0.011888504,0.019276619,0.018055916,-1.1980418,-3.211203,-0.93301266,-0.39766553,0.09271823,0.31137446,-1.2124128,-1.0516852,-1.1948519,0.29470932483673096,-1.1980417932581302
56,2006-09,1.11681350692631,2.13,2.02,2.68,3.13,1403.265,2006,9,2006-09-01,-0.7120038,5.9850497,0.01206398,0.016994476,0.06025219,-2.1914084,-3.3788831,-1.7337906,-1.2697794,-0.7886678,-0.42029664,-2.1967673,-2.014705,-2.179048,0.0013353526592254639,-2.191408297844456
57,2006-10,1.1179303204332363,2.08,2.02,2.56,2.96,1464.473,2006,10,2006-10-01,4.2732463,1.1994004,0.0026540756,0.013147354,-0.028558731,2.7065694,1.8390023,3.0757504,3.8145583,4.319982,4.790249,2.4578063,2.734796,2.6563776,2.533820390701294,2.706569364752013
58,2006-11,1.1212841113945358,2.77,2.07,2.55,2.99,1714.358,2006,11,2006-11-01,2.2760465,3.5946107,0.0141944885,0.027376175,0.022305489,0.5523233,-0.58750796,0.5779617,1.4965099,1.8877102,3.5383685,0.5238779,0.976358,0.55572724,0.9649523496627808,0.5523232547772023
59,2006-12,1.1369820889540594,1.9,2.1,2.57,3.02,2041.047,2006,12,2006-12-01,-11.208086,16.683487,0.023640633,0.03539753,0.0587759,-12.178498,-12.171621,-12.453927,-11.43047,-11.018617,-8.725873,-12.438554,-11.143546,-12.163104,-11.090217590332031,-12.453927091021786
60,2007-01,1.1449409635767376,1.61,2.06,2.6,3.03,2385.335,2007,1,2007-01-01,-2.4000409,8.370736,0.0169878,0.01930046,0.031863213,-3.8107066,-3.8623111,-3.9794683,-3.2846963,-2.8157868,-0.3296168,-3.7375653,-3.377383,-3.7828321,-3.457444906234741,-3.979468324620841
61,2007-02,1.156390373212505,2.45,2.13,2.72,3.11,2544.571,2007,2,2007-02-01,-4.3979597,11.940397,0.020166397,-0.017477036,0.091526985,-7.101294,-6.729536,-7.6553497,-7.2162595,-6.516124,-4.6362133,-6.851379,-8.076384,-6.740857,-6.681369304656982,-6.516123907173508
62,2007-03,1.1529212020928674,1.57,2.18,2.78,3.3,2781.784,2007,3,2007-03-01,10.745837,-3.6054108,0.015069008,0.0127744675,-0.11180973,7.903484,7.960121,7.509911,7.924455,8.398194,10.509384,7.9378924,7.898982,7.834464,7.903972148895264,8.526617734931177
63,2007-04,1.1517682808907745,2.43,2.28,3.01,3.53,3558.709,2007,4,2007-04-01,8.541027,-1.2006004,0.00880909,-0.0015878677,0.015432358,6.158094,7.4586177,5.563464,5.0181723,5.058204,9.705053,5.9693894,6.0950794,6.0892196,4.290313720703125,7.728462900893133
64,2007-05,1.1552235857334467,1.82,2.38,3.35,3.88,3927.952,2007,5,2007-05-01,3.0454628,3.5946107,0.0064907074,0.02013874,-0.039824486,1.8255451,2.0143867,1.6881329,0.83459204,-0.44022936,4.7892013,1.648206,1.7335688,1.8530188,2.1559383869171143,2.5244773371451332
65,2007-06,1.1598444800763805,2.06,2.59,3.71,4.3,3764.078,2007,6,2007-06-01,1.2502457,4.7904253,0.021708488,0.0418787,0.005712509,0.85249156,1.2341876,1.8575957,2.1738672,0.38374186,2.643973,0.87750787,0.5106986,0.87038857,0.6638636589050293,0.7254673776375595
66,2007-07,1.1598444800763805,2.12,2.83,3.85,4.43,4460.564,2007,7,2007-07-01,6.140621,0.0,0.015892982,0.002866745,0.016425133,5.894685,6.3355837,7.492033,7.215358,6.261274,7.6119356,6.023853,5.9382977,5.867495,4.268803596496582,7.043648818259836
67,2007-08,1.1737626138372972,1.92,2.94,3.73,4.29,5296.813,2007,8,2007-08-01,-9.466571,14.314285,0.008611679,0.034313202,0.017992973,-8.866796,-8.82193,-7.6505485,-8.053133,-8.530486,-7.2372227,-9.036295,-9.086379,-8.8469095,-9.481091499328613,-7.342787126072489
68,2007-09,1.177283901678809,2.86,3.09,3.91,4.4,5580.813,2007,9,2007-09-01,0.9535525,3.5946107,0.015107155,0.01127243,0.042508125,2.2924905,3.1404445,3.0646799,2.7675567,2.4228535,3.1718981,2.3536615,2.3274095,2.2854989,2.4865708351135254,3.2266213923383056
69,2007-10,1.1808157533838453,2.77,3.26,4.01,4.44,5688.543,2007,10,2007-10-01,0.35355067,3.5946107,0.0028076172,0.014328003,-0.024859428,2.2766626,2.488734,2.384633,2.2821252,2.1203167,2.5155933,1.8797394,2.2767704,2.2925935,1.0410752296447754,2.2766626419790224
70,2007-11,1.189081463657532,2.03,3.68,4.25,4.55,4737.408,2007,11,2007-11-01,-5.9233537,8.370736,0.013990402,0.022966385,0.023388863,-2.700728,-2.7195053,-3.574771,-3.334039,-3.2814896,-2.9150703,-2.6805658,-2.7951202,-2.699852,-2.116737127304077,-5.9780043388918545
71,2007-12,1.2009722782941072,1.89,3.69,4.24,4.47,5338.275,2007,12,2007-12-01,-10.688248,11.940397,0.009072304,0.030280113,0.04674816,-6.610684,-6.5477386,-8.297224,-7.819718,-7.510067,-7.274801,-6.8397365,-6.813398,-6.608297,-5.321901321411133,-9.266238282827114
72,2008-01,1.2153839456336366,1.98,3.53,4.15,4.35,4620.401,2008,1,2008-01-01,-13.359018,14.314285,0.035181046,0.015028,0.18841743,-9.481683,-9.466647,-11.215203,-10.863744,-10.44822,-10.14456,-7.9851694,-9.446961,-9.475414,-8.9730863571167,-12.26892973273176
73,2008-02,1.2469839282201112,2.29,3.38,3.88,4.15,4674.55,2008,2,2008-02-01,-32.412804,30.801296,0.0076093674,-0.030766487,-0.12220669,-28.294651,-28.346436,-28.802975,-28.661026,-28.553612,-28.604113,-28.125706,-27.162254,-26.483576,-11.143777847290039,-28.604113469641632
74,2008-03,1.2382550407225703,2.07,3.24,3.9,4.11,3790.53,2008,3,2008-03-01,7.2200403,-8.429538,0.004778862,0.0045814514,-0.06430817,15.994433,15.941004,13.447647,14.1442795,14.832215,15.250295,15.874272,15.875612,15.897693,17.073137283325195,15.994433297802118
75,2008-04,1.2394932957632927,2.31,3.17,3.76,4.04,3959.119,2008,4,2008-04-01,-2.7090483,1.1994004,0.0146865845,0.005469322,0.011647224,4.1037755,3.917951,2.0354228,2.6945302,3.2214391,3.4612515,4.308555,3.8250957,4.156548,3.967651844024658,0.8073788663443269
76,2008-05,1.2345353225802396,2.53,3.28,3.85,4.14,3611.33,2008,5,2008-05-01,3.400329,-4.8096256,0.0159626,0.010817528,-0.020352364,10.12162,9.670274,7.4085197,8.366792,8.991836,9.723209,10.394694,9.802194,10.04011,6.624171733856201,10.1216202948185
77,2008-06,1.2320662519350791,2.85,3.46,4.01,4.33,2791.819,2008,6,2008-06-01,0.6920527,-2.402403,0.015737534,0.009575844,0.00039863586,6.675836,5.7273974,3.6634855,4.7032876,5.2468715,7.141294,6.7785053,6.376954,6.6897936,3.1901543140411377,6.67583598927556
78,2008-07,1.233298318187014,2.49,3.53,4.2,4.46,2805.21,2008,7,2008-07-01,-3.0097008,1.1994004,0.0072431564,0.0011119843,0.01662159,2.577634,1.9894508,-0.7261663,-0.06371887,0.7087105,2.98025,2.571402,1.9082295,2.680003,-2.3911678791046143,2.5776340323733713
79,2008-08,1.232065019868827,2.66,3.56,4.12,4.42,2391.64,2008,8,2008-08-01,-0.010895904,-1.2006004,0.0055503845,0.012167931,0.005344391,4.6558304,3.614377,1.1370909,2.253017,2.867159,5.289012,4.421455,4.496885,4.687927,4.563990116119385,-0.7761850384711959
80,2008-09,1.232065019868827,2.72,3.34,3.7,3.92,2243.657,2008,9,2008-09-01,-0.8122942,0.0,0.008987427,-0.0072984695,0.02791214,3.0835624,1.7361724,0.81652695,2.4252841,3.1030426,3.6886456,2.903756,1.7542673,3.2533746,7.730188369750977,0.9922356037756712
81,2008-10,1.2283688248092206,2.5,2.8,3.01,3.19,1663.66,2008,10,2008-10-01,2.9935174,-3.6054108,0.00051784515,0.009237289,-0.012913704,6.283827,5.795746,6.755056,8.522641,8.957021,6.800981,5.5347395,6.0096974,6.2390227,5.5154290199279785,3.3727196520428224
82,2008-11,1.2185418742107468,2.14,2.18,2.59,3.01,1829.924,2008,11,2008-11-01,10.12948,-9.638606,0.012088776,0.004014015,0.0092020035,11.587253,12.62998,15.357205,15.336261,14.358046,11.613749,11.933888,10.91336,11.701451,5.574756622314453,14.903973318662693
83,2008-12,1.2161047904623252,1.14,1.3,1.98,2.85,1817.722,2008,12,2008-12-01,4.0885115,-2.402403,0.0353899,0.051797867,0.079390526,4.448062,9.053423,11.824672,9.435027,6.9038014,4.1258607,7.1098547,7.1051016,4.850703,7.879713535308838,4.4480618177561775
84,2009-01,1.227049733576486,0.86,1.07,2.02,2.88,2032.682,2009,1,2009-01-01,-9.363349,10.75169,0.043183327,-0.006047249,0.18279839,-8.110707,-4.703356,-1.2741066,-3.9949365,-5.855643,-9.100247,-6.2834134,-8.800697,-7.5095816,-4.001981258392334,-1.274106588077542
85,2009-02,1.227049733576486,0.83,1.09,2.46,3.19,2140.489,2009,2,2009-02-01,2.5811982,0.0,0.021086693,0.0056409836,-0.15619183,1.9919425,3.8803062,5.7564907,3.5655255,2.7753437,1.1361216,2.1932244,1.7183099,1.8605312,3.7611963748931885,5.756490912844747
86,2009-03,1.2233685843757567,0.81,0.93,2.45,3.15,2507.789,2009,3,2009-03-01,5.7845984,-3.6054108,0.046123505,0.06066513,-0.040512085,5.4681377,7.423826,8.25674,6.490683,5.7831955,4.9039755,6.118997,8.6196,5.574755,6.49936580657959,5.4681376699603215
87,2009-04,1.2209218472070051,0.82,0.99,2.44,3.17,2622.926,2009,4,2009-04-01,4.981591,-2.402403,0.018401146,0.009428978,0.015024185,3.9658768,5.157304,5.9641876,4.719508,4.0396414,3.424782,4.0182223,3.601053,3.9846568,3.8364837169647217,3.9658767532141246
88,2009-05,1.217259081665384,0.81,0.95,2.38,3.05,2759.712,2009,5,2009-05-01,6.3849998,-3.6054108,0.014295578,0.02116394,-0.020578384,4.8761363,6.2595825,6.521114,5.484508,4.8449674,4.6576176,4.8300114,5.1405725,4.849131,5.238184452056885,4.876136180574173
89,2009-06,1.2111727862570572,0.87,0.99,2.42,3.17,3166.474,2009,6,2009-06-01,8.694086,-6.0150504,0.036977768,0.05925846,0.00242424,7.121391,8.287557,8.44384,7.6393538,7.158303,7.4841723,8.0600195,9.747523,7.129025,5.486608028411865,7.121390917865596
90,2009-07,1.2111727862570572,1.3,1.4,2.79,3.38,3734.622,2009,7,2009-07-01,3.078238,0.0,0.007331848,0.014143944,0.017629623,1.1641496,1.8704729,2.215172,1.5934625,1.3245379,1.5811826,0.7470459,1.0550826,1.199199,4.880622386932373,1.5811825938619264
91,2009-08,1.2172286501883423,1.16,1.61,2.97,3.51,2830.271,2009,8,2009-08-01,-2.8073587,5.9850497,0.00625515,0.022740364,0.0048742294,-4.85822,-3.8491013,-3.7032804,-4.311682,-4.479239,-5.5147624,-5.248441,-4.2342415,-4.8850636,-5.404792785644531,-4.858220137095385
92,2009-09,1.2220975647890957,1.2,1.51,2.89,3.48,3004.805,2009,9,2009-09-01,-1.4137293,4.7904253,0.014984131,0.0065317154,0.06692028,-3.808678,-2.8775454,-2.6139092,-3.2103078,-3.3953273,-4.088598,-3.8708858,-4.0958242,-3.6410685,-2.502682685852051,-3.8086780197820858
93,2009-10,1.2208754672243065,1.25,1.51,3.06,3.66,3280.372,2009,10,2009-10-01,5.374908,-1.2006004,0.0021123886,0.02853012,-0.029171944,2.1585,3.1161463,3.1428943,2.3279407,2.1436768,2.2322025,1.5831747,2.750015,2.046309,0.11541211605072021,2.158499863214208
94,2009-11,1.2245380936259793,1.2,1.51,3.1,3.68,3511.669,2009,11,2009-11-01,1.3741399,3.5946107,0.013480186,0.023558617,0.017027855,-2.6631908,-1.4102178,-1.3676083,-2.3540444,-2.546249,-2.6747425,-2.783233,-2.081834,-2.6478062,-1.5437703132629395,-2.663190726186842
95,2009-12,1.236783474562239,1.19,1.49,2.96,3.63,3575.684,2009,12,2009-12-01,-7.467925,11.940397,0.025929451,0.041267395,0.05104065,-11.024138,-9.661906,-9.1989355,-10.085268,-10.447137,-11.014289,-10.697819,-8.846618,-10.931991,-9.765536308288574,-8.005974805731796
96,2010-01,1.2442041754096125,1.12,1.58,3.01,3.64,3204.155,2010,1,2010-01-01,-2.3091884,7.178486,0.024899483,0.036112785,0.06360054,-5.950357,-4.5441146,-4.6875544,-5.478026,-5.7632995,-5.9422927,-5.6509323,-4.178921,-5.7654557,-2.529494524002075,-4.6875543489774625
97,2010-02,1.259134625514528,1.45,1.66,2.95,3.47,3281.666,2010,2,2010-02-01,-9.444987,14.314285,0.016586304,-0.023364067,0.050408363,-12.663441,-12.350785,-11.662227,-12.052825,-11.925353,-12.643458,-12.697587,-14.704032,-12.319102,-6.879281520843506,-12.727618075394533
98,2010-03,1.2503206831359261,1.35,1.53,2.72,3.41,3345.607,2010,3,2010-03-01,13.801097,-8.429538,0.021578789,0.02253151,-0.092448235,8.267403,9.579965,9.786519,9.130145,8.68043,8.505161,8.51435,8.24073,8.666971,7.932180404663086,9.677237148792699
99,2010-04,1.252821324502198,1.31,1.62,2.76,3.45,3067.365,2010,4,2010-04-01,2.8741055,2.3976033,0.01012516,0.019477844,0.014655113,-0.24119087,0.2690956,0.28760645,0.27217582,0.004539282,-0.06916133,-0.55033535,-0.05436487,-0.16172266,1.1881508827209473,-0.24119087145729567
100,2010-05,1.2515685031776957,1.63,1.74,2.54,3.26,2773.264,2010,5,2010-05-01,6.672309,-1.2006004,0.0102882385,0.011003494,-0.025657654,3.137982,2.9979758,3.4693716,3.9987133,3.7113457,3.164745,2.9451976,2.733636,3.466565,2.3852338790893555,3.1379818596172693
101,2010-06,1.2440590921586296,2.2,2.0,2.64,3.32,2563.07,2010,6,2010-06-01,13.594753,-7.221687,0.01580906,0.017113686,0.006495476,8.775476,7.531537,8.650273,9.211954,8.947872,8.878599,8.773235,8.439703,8.20705,8.042179107666016,9.211953912837416
102,2010-07,1.2490353285272642,1.6,1.97,2.59,3.24,2868.846,2010,7,2010-07-01,1.6821934,4.7904253,0.00019264221,0.0003490448,0.016273499,-1.714563,-2.1552644,-2.193366,-1.1482913,-1.252282,-1.7687014,-2.0438693,-2.1557934,-1.535163,-1.2707237005233765,-3.9651637899997176
103,2010-08,1.2565295404984278,1.58,1.92,2.62,3.26,2903.188,2010,8,2010-08-01,-1.0045234,7.178486,0.019765854,0.015161514,0.009553909,-3.4980981,-3.8971837,-3.9282286,-3.1964145,-3.3148878,-3.6444595,-3.5182366,-3.4446206,-3.110389,-2.003547430038452,-3.250522298322527
104,2010-09,1.2640687177414183,1.7861,1.92,2.71,3.31,2935.574,2010,9,2010-09-01,-1.1039764,7.178486,0.012954712,-0.00212574,0.047250748,-3.1777604,-3.4995172,-3.451508,-3.1473308,-3.3091033,-3.2478416,-3.0448797,-3.3860805,-3.235425,-1.4902305603027344,-3.177760378330401
105,2010-10,1.272917198765608,1.6172,1.99,2.93,3.53,3379.983,2010,10,2010-10-01,-2.8938382,8.370736,0.004734993,0.038188934,-0.004986763,-3.955841,-3.7208745,-3.7450612,-3.6904888,-3.4292324,-3.2210493,-3.4360359,-4.019725,-3.4279108,-2.0189530849456787,-3.955841060342336
106,2010-11,1.2869192879520297,1.713,2.32,3.56,3.89,3136.985,2010,11,2010-11-01,-8.945224,13.127928,0.014980316,0.023822784,0.014445305,-8.216814,-7.174913,-6.4575877,-6.3291283,-6.606643,-8.285951,-8.105384,-8.312002,-7.6830044,-8.129376411437988,-8.216813878035605
107,2010-12,1.2933538843917898,2.6855,3.03,3.56,3.85,3128.261,2010,12,2010-12-01,-2.001549,5.9850497,0.021603584,0.027380943,0.05471039,-1.7003435,3.0555155,3.4615269,-0.03808002,-0.40483677,-1.4972821,-2.0001173,-1.8893262,-1.9021744,-1.9149842262268066,-1.7003435102668947
108,2011-01,1.3062874232357078,3.4009,3.04,3.54,3.94,3076.508,2011,1,2011-01-01,-7.463068,11.940397,0.011006355,-0.018383026,0.26318073,-7.459527,-3.552317,-5.1096196,-6.7318773,-6.636214,-7.4707284,-7.0958548,-7.1118402,-8.471519,-7.566007614135742,-7.45952686713915
109,2011-02,1.3219628723145362,2.4526,3.11,3.66,4.04,3239.559,2011,2,2011-02-01,-11.129863,14.314285,0.0030555725,-0.00984478,-0.20566368,-9.379034,-8.816753,-8.236776,-9.433426,-9.313382,-9.381027,-8.937325,-9.088439,-9.651285,-8.16197681427002,-7.867041441708089
110,2011-03,1.3193189465699071,1.8148,2.9,3.53,3.9,3223.288,2011,3,2011-03-01,5.9868255,-2.402403,0.02944851,0.026854515,-0.052663803,6.6417503,7.0092354,7.7336507,5.968359,6.2357683,6.6314197,6.197894,6.638149,6.550697,5.611018180847168,6.641750465155482
111,2011-04,1.3206382655164768,2.0227,2.83,3.47,3.89,3192.723,2011,4,2011-04-01,2.1850219,1.1994004,-0.0009851456,0.0019187927,0.014253616,3.2206764,3.4960444,3.5315478,2.612672,2.7149065,3.1439934,3.6591947,3.4184985,3.2381053,2.611600160598755,3.220676440650337
112,2011-05,1.3219589037819932,2.8415,2.95,3.43,3.84,3001.556,2011,5,2011-05-01,1.7846209,1.1994004,0.007923126,0.009411812,-0.019673347,3.2738109,3.6555572,3.2379723,2.5544994,2.6748083,3.4123564,3.3596392,3.3983905,3.2295928,2.196895122528076,3.2738108068021106
113,2011-06,1.325924780493339,4.3125,3.34,3.54,3.9,3044.089,2011,6,2011-06-01,-1.5119476,3.5946107,0.022551537,0.019756317,-0.0028066635,0.91078955,0.64931655,0.40236473,-0.07149623,0.037581086,1.0622203,0.8364292,0.8811796,0.88383657,1.3009305000305176,0.9107895384301639
114,2011-07,1.3325544043958055,4.2971,3.59,3.66,3.97,2972.079,2011,7,2011-07-01,-4.301191,5.9850497,-0.010165215,-0.01510334,0.015730858,-1.532029,-2.9529,-2.763925,-2.9283962,-2.7595832,-1.2962924,-1.5629222,-1.4448135,-1.5344712,-1.63435959815979,-1.5320289817612993
115,2011-08,1.3365520676089928,3.1341,3.67,3.86,4.0,2846.776,2011,8,2011-08-01,-1.6120955,3.5946107,0.010205269,0.010472298,0.013021469,0.8646374,-0.07370809,-0.87935525,-1.3538402,-0.7428616,1.0091928,0.80224824,0.8330791,0.8812686,0.0726328194141388,-0.8793552553972628
116,2011-09,1.3432348279470376,3.4665,3.81,3.88,4.01,2581.351,2011,9,2011-09-01,-4.201738,5.9850497,0.008358955,-0.022940636,0.029489517,-1.646474,-2.9938512,-3.6920736,-3.781049,-3.220422,-1.4444103,-1.7535907,-2.040295,-1.6110673,-2.825462579727173,-1.6464740549808479
117,2011-10,1.3445780627749846,3.6127,3.23,3.62,3.78,2695.307,2011,10,2011-10-01,0.3839116,1.1994004,0.03668499,0.03442955,-0.012075424,3.211959,1.5259693,1.8189111,1.5928911,2.4551423,3.0093071,3.9700527,3.6042562,3.18311,1.6808503866195679,1.525969319500394
118,2011-11,1.3418889066494346,3.3374,2.73,3.39,3.65,2521.52,2011,11,2011-11-01,4.2858653,-2.402403,0.010552406,0.01743412,0.015716553,6.743991,5.386437,6.1799746,5.701323,6.426943,6.2011395,6.741167,6.730256,6.8377,5.5474467277526855,5.386436729936149
119,2011-12,1.3459145733693827,3.0424,2.69,3.08,3.47,2345.742,2011,12,2011-12-01,-1.2138824,3.5946107,0.031124115,0.029520035,0.07000542,0.4750255,-0.44462568,0.12458528,0.8773275,1.4822494,-0.6366467,0.56721395,0.6847308,0.63297653,-1.425311803817749,0.8773275146762582
120,2012-01,1.3661032919699232,4.2081,2.78,3.04,3.4,2464.26,2012,1,2012-01-01,-15.979435,17.866335,0.005045891,-0.070895195,0.16447067,-13.913253,-16.409662,-14.032555,-12.447314,-11.721668,-15.333823,-13.884602,-14.41686,-13.729827,-8.629385948181152,-14.01307715349842
121,2012-02,1.3647371886779534,3.2218,2.91,3.16,3.51,2634.143,2012,2,2012-02-01,4.2815447,-1.2006004,0.013084412,0.0011167526,-0.15076542,5.2436476,4.045683,4.412944,5.183006,5.6721864,4.6567774,5.2755694,4.9935145,5.2439446,6.070492744445801,4.427925606194885
122,2012-03,1.3674666630553092,2.4702,2.88,3.18,3.54,2454.899,2012,3,2012-03-01,-0.4205337,2.3976033,0.032218933,0.028037071,-0.03668213,1.4522487,1.5682653,0.8623712,1.5135118,1.8565513,0.52366495,1.1555538,1.7378802,1.4206626,1.6585769653320312,1.5666845138081822
123,2012-04,1.366099196392254,3.1761,2.86,3.15,3.53,2626.157,2012,4,2012-04-01,3.4775202,-1.2006004,-0.0066785812,-0.010902405,0.012097359,4.943043,3.995972,4.444957,5.014683,5.2580256,4.5435333,5.564751,4.479517,4.990035,4.274762153625488,4.943043254068435
124,2012-05,1.3620008988030772,2.1306,2.53,2.93,3.43,2632.042,2012,5,2012-05-01,5.580974,-3.6054108,0.01167202,0.013266563,-0.023371696,7.153263,7.8571978,7.562744,7.8721876,7.747402,6.9066434,7.2005234,7.0103455,7.1576786,4.038082599639893,7.153263273498676
125,2012-06,1.3538288934102587,2.6532,2.27,2.94,3.37,2461.612,2012,6,2012-06-01,9.799058,-7.221687,0.027335167,0.031334877,0.0049819946,10.327048,10.2438965,11.509659,10.967697,10.995983,9.842119,10.2626,10.382028,10.388361,12.540068626403809,10.327048107737635
126,2012-07,1.3551827223036688,2.6832,2.27,2.83,3.28,2332.922,2012,7,2012-07-01,1.3779703,1.1994004,-0.006419182,-0.015546799,0.00851059,1.7876362,1.8754078,2.9109993,2.871201,2.7657547,0.6597998,1.8682383,1.0959611,1.7893418,1.374333143234253,0.6597997936614179
127,2012-08,1.3633138186374907,2.7218,2.5,3.02,3.34,2204.868,2012,8,2012-08-01,-4.700568,7.178486,0.0063152313,0.00931263,0.010590553,-3.8987138,-3.7496235,-3.3337584,-3.3314748,-3.2841659,-5.4024577,-3.9507158,-3.6867735,-3.8991594,-0.9935797452926636,-5.402457481104612
128,2012-09,1.367403760093403,2.7862,2.75,3.21,3.47,2293.106,2012,9,2012-09-01,-0.619427,3.5946107,0.020116806,0.0036649704,0.061724663,-0.7260996,-0.6487123,-0.5983913,-0.6005903,-0.59333587,-1.7035916,-0.6973967,-0.8028167,-0.7067768,-1.2895750999450684,-1.7035916223324756
129,2012-10,1.3660363563333096,2.7269,2.87,3.21,3.52,2254.82,2012,10,2012-10-01,4.3757844,-1.2006004,-0.0077495575,0.02248478,-0.037483215,3.7201746,3.80006,3.6831195,3.752926,3.6959267,2.9973516,3.6673937,3.8350894,3.7210414,3.627408027648926,3.7201746381558185
130,2012-11,1.3674023926896428,2.4089,2.89,3.19,3.55,2139.661,2012,11,2012-11-01,1.7757834,1.1994004,0.00895977,0.012108803,0.017801285,1.4019946,1.7495667,1.396235,1.3894539,1.3375776,0.8137211,1.3940631,1.4120514,1.4108053,1.3577370643615723,1.4019945409209658
131,2012-12,1.37834161183116,2.3588,2.9,3.28,3.58,2522.952,2012,12,2012-12-01,-7.0838857,9.561804,0.030556679,0.038915634,0.042372704,-6.853111,-6.210102,-6.760971,-6.8570437,-6.9370418,-7.0396957,-6.8680863,-6.408522,-6.853845,-6.742083549499512,-6.8531108526394195
132,2013-01,1.3921250279494717,2.1266,2.83,3.24,3.59,2686.882,2013,1,2013-01-01,-9.46248,11.940397,0.018289566,0.008274078,0.13323116,-9.322765,-8.643774,-9.178268,-9.303055,-9.379404,-9.352575,-9.365285,-9.286554,-9.275937,-6.789138317108154,-9.322765321606425
133,2013-02,1.4074384032569158,2.5935,2.75,3.28,3.59,2673.327,2013,2,2013-02-01,-11.24525,13.127928,0.0065021515,-0.049819946,-0.034801483,-10.807899,-10.494848,-10.641307,-10.778647,-10.810703,-10.812647,-10.788165,-10.895777,-10.591424,-10.19289779663086,-10.807899555274663
134,2013-03,1.3947714576276036,2.3099,2.74,3.29,3.58,2495.083,2013,3,2013-03-01,13.134392,-10.848893,0.03663063,0.048758507,-0.0838871,13.752839,13.835544,13.742006,13.732966,13.765682,13.735487,13.682902,13.763414,13.756647,9.049402236938477,13.752838614078257
135,2013-04,1.3975610005428587,2.3796,2.73,3.2,3.46,2447.306,2013,4,2013-04-01,-0.61235625,2.3976033,-0.00319767,-0.010508537,0.0026407242,-0.02216866,0.18169217,0.053635392,0.026175648,0.06463356,0.008404178,0.12046145,-0.045568094,-0.021393472,-0.34826231002807617,-0.02216866117646754
136,2013-05,1.3891756345396016,2.7967,2.84,3.13,3.42,2606.426,2013,5,2013-05-01,9.708691,-7.221687,0.009270668,0.008274078,-0.021370888,9.702018,9.674988,9.667469,9.764298,9.821072,9.641583,9.728535,9.622918,9.686153,9.088911056518555,9.702017563721386
137,2013-06,1.3891756345396016,6.4334,3.24,3.32,3.51,2200.639,2013,6,2013-06-01,2.3869543,0.0,0.01167202,0.010566711,-0.0067739487,2.3227892,1.4489143,2.156857,2.2681506,2.3833067,2.6852942,2.3283722,2.3180902,2.3228414,1.1120790243148804,2.322789143027923
138,2013-07,1.390564810174141,3.3363,3.47,3.46,3.63,2193.021,2013,7,2013-07-01,1.1875538,1.1994004,-0.0020809174,-0.009304047,0.0064315796,1.112968,1.084688,0.86878777,0.9536637,1.0371025,1.4848075,1.1463729,1.0552427,1.111545,1.1120790243148804,1.1129679823171958
139,2013-08,1.3975176342250115,3.2292,3.54,3.82,3.91,2313.91,2013,8,2013-08-01,-3.8970494,5.9850497,0.008558273,0.011172295,0.009376526,-3.7202237,-3.7310042,-3.9020696,-4.0809855,-4.0637355,-3.5365424,-3.7024045,-3.6823232,-3.7108834,-3.899357318878174,-3.720223592411843
140,2013-09,1.4086977752988117,3.2177,3.59,3.95,4.05,2409.037,2013,9,2013-09-01,-7.771866,9.561804,0.015078545,-0.0056056976,0.028133392,-7.346235,-7.3535833,-7.5165668,-7.7507143,-7.8135076,-7.2958965,-7.3699064,-7.3298693,-7.3374844,-6.4770121574401855,-7.346234771346904
141,2013-10,1.4101064730741104,3.623,3.63,3.96,4.11,2373.718,2013,10,2013-10-01,0.49058706,1.1994004,-0.00664711,0.022725105,-0.016002655,1.1470977,1.1144687,0.9597383,0.7347486,0.62542045,1.2159153,1.2728419,1.1662011,1.1504209,1.126931071281433,1.1470977227756278
142,2013-11,1.4086963666010364,3.8841,4.07,4.34,4.46,2438.944,2013,11,2013-11-01,2.7904377,-1.2006004,0.008388519,0.016490936,0.015094757,3.5913591,3.547175,3.249466,2.9765553,2.7976165,3.5829165,3.5874872,3.5967324,3.5863166,3.7750627994537354,3.5913591675318477
143,2013-12,1.4129224557008393,3.713,4.08,4.43,4.55,2330.026,2013,12,2013-12-01,-2.0047736,3.5946107,0.024950981,0.03766918,0.03709793,-1.2941288,-1.3446976,-1.7724305,-1.9743137,-2.1069908,-1.2292529,-1.272028,-1.2130256,-1.2998474,-0.5210039615631104,-1.294128821532142
144,2014-01,1.4270516802578477,3.3648,3.92,4.37,4.56,2202.45,2014,1,2014-01-01,-11.046042,11.940397,0.01524353,-0.06868935,0.26684284,-9.8163395,-9.837405,-10.21569,-10.406499,-10.543053,-9.689623,-9.825004,-9.804729,-9.956643,-8.659507751464844,-9.81633987928857
145,2014-02,1.4341869386591368,2.4854,3.42,4.18,4.48,2178.971,2014,2,2014-02-01,-4.3965917,5.9850497,0.0073070526,0.005461693,-0.20484352,-3.8467317,-3.7850447,-4.0183196,-4.377369,-4.574774,-3.8128989,-3.8351955,-3.8104186,-3.1248686,-3.288728713989258,-3.846731758819339
146,2014-03,1.427016003965841,2.2979,3.17,4.16,4.5,2146.305,2014,3,2014-03-01,7.603508,-6.0150504,0.025238037,0.034330368,-0.06619358,8.428763,8.512691,8.247109,7.7291327,7.5324597,8.491987,8.389916,8.479,8.43598,9.01700496673584,8.428763051940408
147,2014-04,1.4227349559539435,2.4726,3.43,4.11,4.39,2158.659,2014,4,2014-04-01,5.2941194,-3.6054108,0.0069761276,-0.009817123,0.0048952103,5.887739,5.9317784,5.586366,5.313871,5.2254667,5.8711267,5.911702,5.7240386,5.8830957,5.129985809326172,5.887739077524458
148,2014-05,1.4241576909098972,2.4429,3.48,4.02,4.18,2156.464,2014,5,2014-05-01,0.18915792,1.1994004,0.011467934,0.010292053,-0.00967598,0.95658517,0.99310637,0.6968574,0.55341923,0.59279895,0.91084987,0.95697075,0.9675493,0.96007335,1.144484281539917,0.9565851876297986
149,2014-06,1.4227335332189872,2.7209,3.32,3.85,4.05,2165.118,2014,6,2014-06-01,2.6892087,-1.2006004,0.02282238,0.040786743,-0.01913166,3.3780036,3.3935592,3.209157,3.1044464,3.1380057,3.2823393,3.33481,3.5566528,3.3796241,3.3350794315338135,3.1044464294386955
150,2014-07,1.424156266752206,3.2292,3.63,3.99,4.21,2350.251,2014,7,2014-07-01,0.4888088,1.1994004,-0.012761116,-0.030143738,0.006919861,0.8873498,0.8743548,0.52890444,0.530676,0.51989245,0.9058533,1.0799361,0.6886286,0.8841371,0.9597940444946289,0.5306760181270054
151,2014-08,1.4270045792857105,2.97,3.76,3.98,4.25,2338.287,2014,8,2014-08-01,-0.4104401,2.3976033,0.0027170181,0.0020370483,0.011289597,-0.3614873,-0.36073753,-0.7985903,-0.67500764,-0.7376558,-0.35651514,-0.34423223,-0.3932187,-0.3640457,-0.5314515829086304,-0.6750076382600714
152,2014-09,1.4341396021821389,2.8069,3.78,3.96,4.16,2450.988,2014,9,2014-09-01,-4.396691,5.9850497,0.00379467,-0.014570236,0.014505386,-4.0174494,-4.0103226,-4.3969703,-4.2598205,-4.245199,-3.9484093,-4.008193,-4.093294,-4.0124993,-3.773592948913574,-4.259820290900224
153,2014-10,1.4341396021821389,2.5192,3.55,3.68,3.84,2508.325,2014,10,2014-10-01,1.2879081,0.0,-0.0023450851,0.007299423,-0.019794464,1.9944484,2.0062764,1.8144326,2.038516,2.1193857,2.1466184,2.0415967,1.9689158,2.0009968,1.7766234874725342,1.994448437353483
154,2014-11,1.4312713229777745,2.5932,3.16,3.43,3.59,2808.819,2014,11,2014-11-01,3.8905115,-2.402403,0.007782936,0.016537666,0.012863159,4.3232956,4.3185396,4.438015,4.5924225,4.6688833,4.6840177,4.3041286,4.32461,4.3057737,2.53403377532959,4.323295798603087
155,2014-12,1.4355651369467077,2.9695,3.3,3.58,3.68,3533.705,2014,12,2014-12-01,-1.9072992,3.5946107,0.016223907,0.037893295,0.030685425,-1.7849227,-1.7863536,-1.7353996,-1.646103,-1.5583961,-1.0239793,-1.7443676,-1.5878369,-1.7991117,-1.7807347774505615,-1.6461030462855746
156,2015-01,1.4398718323575477,2.8058,3.17,3.43,3.54,3434.39,2015,1,2015-01-01,-1.7080959,3.5946107,0.011602402,0.00015258789,0.045116425,-1.8294245,-1.8487581,-1.7080301,-1.5919248,-1.5319735,-1.6537524,-1.8258235,-1.8307495,-1.8531017,-1.7400116920471191,-1.5919247768370148
157,2015-02,1.4571502943458383,3.0717,3.07,3.27,3.39,3572.843,2015,2,2015-02-01,-12.033293,14.314285,0.011739731,-0.04006195,0.1452589,-12.843561,-12.871527,-12.610078,-12.441391,-12.434922,-12.726509,-12.867018,-12.842978,-12.948383,-10.1746187210083,-12.843561346127107
158,2015-03,1.449864542874109,3.3651,3.1,3.33,3.5,4051.204,2015,3,2015-03-01,8.597096,-6.0150504,0.014173508,0.0082530975,-0.1627121,7.907954,7.980053,7.9708853,8.127282,8.161939,8.358818,7.9070497,7.906772,7.9785805,7.05700159072876,7.9079544118111285
159,2015-04,1.4469648137883608,2.259,3.05,3.37,3.53,4749.886,2015,4,2015-04-01,4.98445,-2.402403,0.004261017,-0.00244236,-0.019187927,4.2651777,4.118617,4.4238663,4.5109177,4.532846,4.971224,4.27967,4.2891936,4.2445645,2.3335156440734863,4.265177658608161
160,2015-05,1.444070884160784,1.2367,2.4,3.18,3.44,4840.829,2015,5,2015-05-01,4.683396,-2.402403,0.020540237,0.01971531,-0.02831173,4.3131714,4.0532665,5.023976,4.7563705,4.682285,5.006504,4.2529044,4.299161,4.3060927,4.845632553100586,4.313171542913528
161,2015-06,1.444070884160784,1.1928,1.77,3.24,3.6,4472.9976,2015,6,2015-06-01,2.1809425,0.0,0.019704819,0.037182808,-0.00801754,1.8458543,1.6871077,2.83003,2.2650166,2.1121197,2.3375115,1.8176156,1.8056555,1.834409,1.7330244779586792,1.8458543168103945
162,2015-07,1.4484030968132664,1.3137,2.23,3.15,3.5,3816.6993,2015,7,2015-07-01,-1.5134188,3.5946107,0.014766693,-0.008349419,0.0069122314,-1.8182632,-1.6763871,-1.3275342,-1.3237585,-1.469583,-1.5002761,-1.8263152,-1.8136456,-1.7993628,-1.6706814765930176,-1.8182631808089602
163,2015-08,1.4556451122973326,1.6801,2.26,3.22,3.47,3366.5359,2015,8,2015-08-01,-4.302662,5.9850497,0.0027284622,0.027020454,0.0008649826,-4.253332,-4.076692,-3.7924266,-3.8435483,-3.9007916,-4.054947,-4.271885,-4.2488647,-4.1887393,-3.8388214111328125,-4.0549469926194535
164,2015-09,1.4571007574096297,1.9339,2.31,3.14,3.31,3202.9475,2015,9,2015-09-01,1.0805988,1.1994004,0.002146721,0.0044641495,0.032666206,0.58960027,0.69029695,0.9091671,0.9696375,0.9884777,0.66953325,0.5667371,0.5917075,0.5364079,0.4111509621143341,0.6695332311341267
165,2015-10,1.4527294551374008,1.9061,2.41,2.91,3.08,3534.0788,2015,10,2015-10-01,6.085811,-3.6054108,0.0008802414,0.03077507,-0.018566132,5.5069413,5.605189,5.770277,6.01758,6.040518,5.6654816,5.501744,5.499771,5.4657807,4.842651844024658,5.665481353259084
166,2015-11,1.4527294551374008,1.8155,2.54,2.97,3.12,3566.4122,2015,11,2015-11-01,2.5803502,0.0,0.009458542,0.030947685,0.0071163177,1.8652513,1.9976585,2.094261,2.3215384,2.347524,2.0500214,1.8675244,1.8602055,1.8452051,1.6197636127471924,2.050021440386027
167,2015-12,1.4599931024130877,1.8605,2.42,2.77,2.94,3731.0047,2015,12,2015-12-01,-3.7036536,5.9850497,0.01324749,0.033823967,0.04676628,-4.243711,-4.0732927,-3.9014037,-3.5794048,-3.595292,-3.9451792,-4.2577233,-4.2055974,-4.241587,-3.9632062911987305,-4.243710996026081
168,2016-01,1.467293067925153,2.0268,2.32,2.71,2.82,2946.0902,2016,1,2016-01-01,-3.2073746,5.9850497,0.017120361,0.028841019,0.13738537,-4.1916547,-4.0696177,-3.8218849,-3.530275,-3.516523,-4.2319574,-4.1999273,-4.073714,-4.260834,-3.814521312713623,-4.191654523673236
169,2016-02,1.4907697570119556,2.0229,2.29,2.7,2.85,2877.4666,2016,2,2016-02-01,-18.057878,19.04802,0.005842209,-0.050138474,-0.04375553,-17.057076,-16.947685,-16.773737,-16.679667,-16.718714,-17.119194,-17.059233,-17.115456,-17.372568,-11.023727416992188,-17.057075904764996
170,2016-03,1.4877882174979316,2.0288,2.13,2.57,2.86,3218.0879,2016,3,2016-03-01,3.2922926,-2.402403,0.015033722,0.04745865,-0.07118988,4.435582,4.4883122,4.782068,5.16354,5.077667,4.433646,4.4674554,4.541758,4.255893,4.189792156219482,4.435581985395991
171,2016-04,1.4848126410629356,2.0594,2.22,2.63,2.91,3156.7451,2016,4,2016-04-01,3.592443,-2.402403,-0.0006837845,0.0046625137,-0.0038442612,4.4034247,4.438693,4.5751605,4.6969585,4.691826,4.3426127,4.313424,4.388476,4.465212,3.712538957595825,4.4078533494799785
172,2016-05,1.477388577857621,2.0564,2.31,2.73,2.93,3169.5598,2016,5,2016-05-01,7.606294,-6.0150504,0.011343002,0.025655746,-0.025514603,8.0400095,8.064141,8.12431,8.153698,8.188639,7.9124317,8.068781,8.03259,8.098047,7.804866790771484,7.9124315813857695
173,2016-06,1.4759111892797634,2.0687,2.4,2.76,2.95,3153.921,2016,6,2016-06-01,2.691694,-1.2006004,0.019509315,0.044696808,0.00060749054,3.144653,3.1632502,3.176937,3.1652904,3.189878,3.0484996,3.281454,3.1806383,3.1954489,2.4970850944519043,3.0484996157045923
174,2016-07,1.478863011658323,2.0734,2.3,2.64,2.81,3203.9304,2016,7,2016-07-01,-1.0063598,2.3976033,0.00071525574,-0.0016002655,0.007250786,-0.49411964,-0.48200017,-0.4778672,-0.53382653,-0.5072623,-0.55489284,-0.6109592,-0.50721043,-0.4931609,-0.04254555702209473,-0.4941196407645285
175,2016-08,1.4803418746699812,2.0754,2.15,2.53,2.72,3327.7938,2016,8,2016-08-01,0.49109504,1.1994004,0.012938499,0.02587223,0.002820015,0.7061905,0.7107496,0.6974381,0.5879241,0.6176928,0.664139,0.7761664,0.7180194,0.7145686,1.0233783721923828,0.7061904979413849
176,2016-09,1.490704267792671,2.1649,2.16,2.57,2.75,3253.2848,2016,9,2016-09-01,-6.8790483,8.370736,0.0035533905,-0.00044727325,0.025115967,-6.5623283,-6.5599623,-6.5708127,-6.680496,-6.651601,-6.5690074,-6.676271,-6.5593324,-6.60797,-3.5409884452819824,-6.569007183034256
177,2016-10,1.4892135635248782,2.2359,2.15,2.47,2.69,3336.2778,2016,10,2016-10-01,2.8922887,-1.2006004,0.0020580292,0.024150848,-0.013206482,3.1224375,3.1185207,3.0783148,2.8893309,2.926139,3.0045664,2.964092,3.1230068,3.1174083,2.5085036754608154,2.9007848771210365
178,2016-11,1.490702777088403,2.286,2.18,2.58,2.83,3538.001,2016,11,2016-11-01,0.39233786,1.1994004,0.0071783066,0.021170616,0.010665894,0.7077904,0.70792574,0.61054313,0.4571256,0.51302415,0.7118567,0.6633836,0.7041372,0.74247926,0.5,0.5027580423416631
179,2016-12,1.4936841826425797,2.3441,2.67,2.95,3.15,3310.0808,2016,12,2016-12-01,-0.7061143,2.3976033,0.012748718,0.023186684,0.05106449,-0.5011149,-0.49407786,-0.39385623,-0.4895322,-0.48889348,-0.6212321,-0.45418826,-0.5150366,-0.32993668,-0.9841345548629761,-0.6292910042657709
180,2017-01,1.5086210244690055,2.2174,2.69,2.96,3.23,3387.9606,2017,1,2017-01-01,-10.645734,11.940397,0.021778107,-0.029260635,0.23731709,-10.19255,-10.188483,-10.031868,-10.12634,-10.048625,-10.113436,-9.969028,-10.173323,-9.539437,-10.985713005065918,-10.126339543677267
181,2017-02,1.5056037824200674,2.3819,2.78,3.05,3.37,3452.8103,2017,2,2017-02-01,5.0901237,-2.402403,0.0035676956,0.008431435,-0.18840599,4.376678,4.3938212,4.662463,4.5491757,4.6000752,4.264383,4.3100157,4.380834,4.08676,3.074751853942871,4.1889805251470245
182,2017-03,1.5010869710728072,2.5125,2.83,3.09,3.33,3456.0455,2017,3,2017-03-01,5.4874873,-3.6054108,0.01130867,0.025366783,-0.04451084,5.6829867,5.652371,5.966574,5.8635345,5.834476,5.570518,5.693643,5.682335,5.6826777,5.633133888244629,5.682986549180663
183,2017-04,1.5025880580438797,2.5556,3.06,3.22,3.38,3439.753,2017,4,2017-04-01,0.3825258,1.1994004,-0.002503395,0.00288105,-0.0031023026,0.6816995,0.47769368,1.0985854,1.0513119,0.9100894,0.6467416,0.63706917,0.6507541,0.6793158,0.629507839679718,0.6816994989331764
184,2017-05,1.5010854699858358,2.7916,3.44,3.61,3.62,3492.8845,2017,5,2017-05-01,2.6823764,-1.2006004,0.0036239624,0.012588501,-0.015610695,3.1021376,2.7560863,3.3721163,3.7462485,3.4395673,3.0932477,3.0560224,3.0294683,3.101245,2.5899465084075928,3.1021376058671875
185,2017-06,1.4980832990458641,2.8499,3.54,3.53,3.57,3666.7977,2017,6,2017-06-01,4.38393,-2.402403,0.018316269,0.027496338,-0.005293846,4.2847686,3.946714,4.3006535,4.5779257,4.480732,4.401159,4.3579826,4.283558,4.2945433,3.686361074447632,4.284768725851221
186,2017-07,1.4995813823449098,2.7273,3.43,3.51,3.59,3737.8732,2017,7,2017-07-01,0.9817276,1.1994004,-0.0019273758,0.00050258636,0.002257347,0.5961201,0.38747096,0.7054907,0.8319788,0.7840071,0.8736737,0.54812056,0.48793194,0.5964583,0.5701171159744263,0.5961201093958268
187,2017-08,1.5055797078742894,2.8775,3.36,3.6,3.62,3822.0928,2017,8,2017-08-01,-2.3109384,4.7904253,0.010097504,0.014834404,0.0062656403,-3.0712454,-3.2070866,-2.89757,-2.7852776,-2.853638,-2.6664877,-3.0724063,-3.0186594,-3.0830777,-3.385993242263794,-3.0712454003549183
188,2017-09,1.5131076064136606,2.7846,3.46,3.61,3.62,3836.5013,2017,9,2017-09-01,-3.3067553,5.9850497,0.0064640045,-0.00048446655,0.032013893,-4.2454886,-4.219708,-3.9698524,-3.863193,-3.927084,-3.7655973,-4.245862,-4.2728643,-4.24551,-3.0918643474578857,-4.2454886377571555
189,2017-10,1.514620714020074,2.7059,3.5,3.74,3.74,4006.7179,2017,10,2017-10-01,1.5787443,1.1994004,-0.0007314682,0.015546799,-0.02200222,0.64567566,0.7730557,1.0216938,1.1422615,1.0683678,1.3499572,0.64136183,0.6357799,0.6361802,0.5473756790161133,0.6456756531747421
190,2017-11,1.514620714020074,2.7896,3.62,3.89,3.92,4006.0993,2017,11,2017-11-01,2.4776938,0.0,0.009999275,0.018064499,0.0057353973,1.8682557,2.1222613,2.3724506,2.5219817,2.4894235,2.5664923,1.86192,1.8509386,1.8700421,2.468317747116089,1.868255687675837
191,2017-12,1.5191645761621342,2.7118,3.76,3.84,3.89,4030.8549,2017,12,2017-12-01,-1.3891716,3.5946107,0.006576538,0.015241623,0.029046059,-1.7640018,-1.4447099,-1.1503899,-1.1563758,-1.1579645,-1.0475096,-1.7578222,-1.7186097,-1.7624534,-2.1237306594848633,-1.764001790710316
192,2018-01,1.528279563619107,2.6937,3.56,3.86,3.94,4275.8986,2018,1,2018-01-01,-5.0700126,7.178486,0.017929077,-0.0009994507,0.054950714,-5.394353,-5.0332413,-4.9214144,-4.7972374,-4.76154,-4.4426537,-5.4486856,-5.3830833,-5.392884,-6.285992622375488,-5.394352956172566
193,2018-02,1.5466189183825365,2.6092,3.38,3.81,3.87,4023.6415,2018,2,2018-02-01,-12.411061,14.314285,0.0047864914,-0.049451828,0.08704662,-12.674854,-12.378959,-12.333525,-12.16077,-12.121269,-12.030938,-12.627981,-12.655622,-12.691387,-9.747675895690918,-12.030938189512511
194,2018-03,1.5296061102803287,2.656,3.29,3.68,3.79,3898.4977,2018,3,2018-03-01,15.913475,-13.273137,0.0062208176,0.012501717,-0.113432884,14.97595,15.460458,15.514619,15.714376,15.737427,15.966959,14.976847,15.110206,14.800066,6.956264495849609,14.975950510402388
195,2018-04,1.526546898059768,2.6715,3.13,3.46,3.65,3756.8765,2018,4,2018-04-01,5.3172145,-2.402403,-0.0012512207,0.0036363602,-0.016872406,4.3752823,4.6240125,4.5186825,4.5804677,4.648172,4.635966,4.4335885,4.4173837,4.304427,4.061484336853027,4.304427315568891
196,2018-05,1.5234938042636486,2.633,3.04,3.39,3.66,3802.3759,2018,5,2018-05-01,5.5174146,-2.402403,0.0030908585,0.0015764236,-0.024094582,4.4797034,4.639366,4.5362744,4.6002355,4.723877,4.749649,4.556819,4.6207743,4.4452753,4.6125383377075195,4.479703482509224
197,2018-06,1.5280642856764393,2.6217,3.23,3.45,3.61,3510.9845,2018,6,2018-06-01,-0.88981146,3.5946107,0.0154361725,0.033020973,-0.002661705,-1.6029364,-1.4653808,-1.4728111,-1.4790641,-1.4298247,-1.7624964,-1.7538787,-1.923957,-1.5026004,-1.149262547492981,-1.6029364004439715
198,2018-07,1.5326484785334684,2.3935,3.02,3.3,3.51,3517.6568,2018,7,2018-07-01,-0.78249115,3.5946107,0.003394127,-0.013549805,-0.00084495544,-1.547353,-1.7056168,-1.5501608,-1.5420363,-1.4786469,-1.6988106,-1.5139529,-1.4915495,-1.4607701,-0.8245202302932739,-1.4786468189191697
199,2018-08,1.5433770178832025,2.2257,2.81,3.32,3.57,3334.5036,2018,8,2018-08-01,-5.543623,8.370736,0.006998062,0.0031642914,0.0035152435,-6.407778,-6.693218,-6.5251317,-6.407568,-6.3097963,-6.7485466,-6.3712325,-6.466991,-6.144007,-6.215758800506592,-6.309796378041712
200,2018-09,1.5541806570083847,2.5183,2.92,3.47,3.64,3438.8649,2018,9,2018-09-01,-5.3639436,8.370736,0.0072393417,0.00046253204,0.020973206,-6.3097124,-6.293933,-6.3694587,-6.234718,-6.178185,-6.473032,-6.285407,-6.331623,-6.1156306,-5.125877380371094,-6.178184857284728
201,2018-10,1.5572890183224015,2.3501,2.88,3.38,3.57,3153.8234,2018,10,2018-10-01,1.2986242,2.3976033,-0.003394127,0.0028820038,-0.016238213,-0.121531494,-0.251068,-0.20412861,-0.12939757,-0.09030697,-0.39135984,0.10497731,-0.11409823,0.007750602,-0.6339936256408691,-0.09030696613051514
202,2018-11,1.5526171512674343,2.4292,2.59,3.22,3.43,3172.69,2018,11,2018-11-01,7.9595494,-3.6054108,0.00976181,0.0062208176,0.0064935684,6.055308,6.058027,5.978495,5.9512815,5.9329243,6.0645313,5.8904305,6.0722265,5.7070227,4.930131912231445,6.055307928209608
203,2018-12,1.5530410157497303,2.4631,2.56,3.03,3.3,3010.6536,2018,12,2018-12-01,3.994787,0.3275553,0.007455826,0.014951706,0.03679943,2.2011917,2.308195,2.524009,2.1514308,2.041065,2.5030117,2.1779032,2.1817806,2.019244,2.3196773529052734,2.2011915572409912
204,2019-01,1.5608450468538728,2.0694,2.4,2.92,3.12,3201.6331,2019,1,2019-01-01,-0.8067636,6.0149,0.021226883,-0.011022568,0.17799282,-3.5597076,-2.8704329,-2.7681944,-3.2536044,-3.3692245,-3.1099856,-3.854078,-3.5841506,-3.7903879,-2.9973790645599365,-2.7681943600883425
205,2019-02,1.5763364339438974,2.1195,2.34,2.93,3.12,3669.3703,2019,2,2019-02-01,-6.84247,11.851285,0.0007991791,-0.034395218,-0.09573746,-9.1151495,-7.9135723,-7.6315145,-8.013397,-7.9343357,-9.090078,-9.332535,-8.931601,-10.499927,-11.211349487304688,-7.631514567531189
206,2019-03,1.570530786857682,2.348,2.46,3.04,3.13,3872.3412,2019,3,2019-03-01,8.572684,-4.4277587,0.011704445,0.03793907,-0.05885601,7.10017,8.1868,8.536117,8.062511,8.3992,6.6722894,7.1711535,6.75584,7.035274,5.108465671539307,8.536116123825465
207,2019-04,1.5716976912323173,2.3537,2.59,3.19,3.34,3913.211,2019,4,2019-04-01,2.3112266,0.8912689,-0.0025129318,-0.012793541,-0.0131073,2.040643,2.8982384,3.1568613,2.747368,2.782088,1.6467845,1.8177794,2.216514,2.031538,0.942707896232605,3.1568613513428643
208,2019-05,1.5716976912323173,2.1681,2.69,3.13,3.31,3629.7893,2019,5,2019-05-01,2.4085522,0.0,0.0034341812,0.006896019,-0.015907288,2.997947,4.515552,3.8324277,3.9208038,3.8838425,3.0652535,2.9654953,3.0157433,2.9911458,2.5742416381835938,2.997946895233932
209,2019-06,1.5699593935858143,1.6025,2.68,3.07,3.24,3825.5873,2019,6,2019-06-01,3.7810261,-1.3279345,0.015846252,0.041983604,-0.0029916763,4.375556,7.127109,5.081852,5.2838736,5.334866,4.1240826,4.4474974,4.0922256,4.384632,5.053386211395264,4.3755561416567375
210,2019-07,1.5763601180334639,1.9978,2.62,3.01,3.17,3835.3589,2019,7,2019-07-01,-2.4370313,4.882454,-0.0010147095,-0.026150703,0.001490593,-1.8234477,-1.1930119,-1.1220175,-0.8939426,-0.8016618,-2.0900836,-1.9430207,-1.6029743,-1.8371208,-0.6870499849319458,-1.8234477469144226
211,2019-08,1.587632669237521,2.6045,2.6,2.94,3.05,3799.5863,2019,8,2019-08-01,-6.418594,8.550663,0.008342743,0.0067663193,0.006354332,-5.5135293,-5.6842465,-4.880213,-4.5988975,-4.412055,-5.7110558,-5.4945707,-5.6217217,-5.544377,-4.924482822418213,-5.513529358063629
212,2019-09,1.6016213006861728,2.4673,2.59,2.98,3.09,3814.5282,2019,9,2019-09-01,-9.072263,10.526892,0.008621216,0.00061035156,0.013269424,-7.5567737,-7.6096168,-7.045967,-6.950963,-6.866651,-7.778545,-7.5330215,-7.660185,-7.596028,-6.117023468017578,-7.5567735193327845
213,2019-10,1.6159269821439015,2.4925,2.59,3.04,3.2,3886.7519,2019,10,2019-10-01,-10.405871,10.6708145,-0.0034122467,0.0018043518,-0.00995636,-7.8476896,-7.952124,-7.4716635,-7.503689,-7.5362215,-8.201933,-7.9606323,-7.9890985,-7.948527,-8.262072563171387,-7.847689621378086
214,2019-11,1.621713616666959,2.2193,2.66,3.03,3.22,3828.6706,2019,11,2019-11-01,-4.9838486,4.289524,0.008103371,0.007750511,0.007850647,-1.4289228,-1.1928025,-1.16571,-1.1188786,-1.1866648,-1.719675,-1.3774558,-1.5315763,-1.4261247,-2.198636770248413,-1.4289228156055795
215,2019-12,1.6216406395542091,1.9831,2.56,2.97,3.17,4096.5821,2019,12,2019-12-01,0.061738297,-0.054001216,0.0126953125,0.023756027,0.042551994,3.0092235,3.334344,3.3249974,3.239639,3.1659875,2.0236757,3.1829052,2.743708,3.220317,3.5530011653900146,2.0236755660118195
216,2020-01,1.6442900943668628,1.8769,2.29,2.88,3.09,4003.9013,2020,1,2020-01-01,-17.028698,16.644432,0.018245697,-0.054362297,0.18901157,-14.501774,-14.505381,-14.120468,-14.448585,-14.51033,-15.270368,-14.361108,-13.790814,-14.291673,-8.374347686767578,-15.27036806925564
217,2020-02,1.6573030061736822,1.6307,1.97,2.62,2.83,3940.0488,2020,2,2020-02-01,-10.033762,9.459418,0.003829956,0.013055801,-0.055814743,-7.282966,-7.6955895,-6.934077,-7.4495134,-7.530125,-8.078627,-7.2508216,-7.5856285,-7.055954,-5.801481246948242,-8.078626689714316
218,2020-03,1.6369960724390362,1.3102,1.86,2.47,2.65,3686.1551,2020,3,2020-03-01,,-14.794424,0.024367332,0.039640427,-0.060352325,18.862947,17.186666,18.421318,17.207846,17.170492,18.626598,18.83506,18.797699,18.875103,,
219,2020-04,1.6228458783888733,1.0466,1.25,2.01,2.54,3912.5772,2020,4,2020-04-01,,-10.4178915,0.006041527,-0.00855732,-0.018686295,14.633618,12.562147,13.630485,11.855913,12.696928,13.235889,14.633407,15.884824,14.626797,,
220,2020-05,1.610012413182574,1.1885,1.33,2.07,2.68,3867.0232,2020,5,2020-05-01,,-9.527321,0.003170967,0.019042015,-0.022066116,13.702836,11.755759,12.574662,10.8552065,11.969641,12.374761,13.7165165,14.244957,13.697923,,
221,2020-06,1.6089481949774602,1.7911,2.04,2.53,2.83,4163.9637,2020,6,2020-06-01,,-0.7934623,0.016418457,0.039157867,-0.0031089783,3.9147558,3.0687668,3.3729942,2.3565128,2.6964824,1.7189116,3.876377,3.23152,3.913426,,
222,2020-07,1.6153839877573701,1.8324,2.2,2.71,2.95,4695.0462,2020,7,2020-07-01,,4.7904253,-0.0044555664,-0.021958351,0.00511837,-2.3754728,-3.125301,-2.7904627,-3.4267752,-3.2072127,-6.235536,-2.3086278,-1.5227958,-2.3733296,,
223,2020-08,1.6218455237083995,1.985,2.33,2.86,2.99,4816.2153,2020,8,2020-08-01,,4.7904253,0.0053396225,0.016934395,0.0021953583,-2.38859,-2.824586,-2.6685085,-3.0015864,-3.115865,-6.685064,-2.3800495,-2.9675686,-2.3856046,,
224,2020-09,1.6250892147558162,1.6995,2.6,3.02,3.11,4587.3953,2020,9,2020-09-01,,2.3976033,0.012670517,0.0016994476,0.028671265,0.26626498,-0.73400086,0.28010112,0.098072104,-0.15854678,-3.350285,0.23830377,0.5290211,0.26471046,,
225,2020-10,1.6202139471115489,2.0464,2.7,3.06,3.19,4695.3338,2020,10,2020-10-01,,-3.6054108,-0.0066595078,0.011342049,-0.016332626,7.043597,6.70734,7.0547485,6.739764,6.591114,2.6754928,7.121632,7.638851,7.0436044,,
226,2020-11,1.6104926634288796,1.877,2.85,3.09,3.25,4960.2519,2020,11,2020-11-01,,-7.221687,0.010311127,0.015393257,0.00685215,11.037429,10.4210415,10.944657,10.761913,10.716478,5.1902657,11.051655,11.915846,11.047339,,
227,2020-12,1.6217661120728817,1.1497,2.73,3.07,3.24,5211.2885,2020,12,2020-12-01,,8.370736,0.006788254,0.011170387,0.032803535,-6.6393065,-8.250617,-6.755466,-6.2501817,-6.2858367,-12.967076,-6.6432805,-7.501546,-6.6392164,,
228,2021-01,1.6379837731936104,1.662,2.46,2.96,3.15,5351.9646,2021,1,2021-01-01,,11.940397,0.011933327,-2.7656555e-05,0.061081886,-10.619901,-11.242566,-10.638052,-10.434891,-10.478105,-20.524973,-10.58101,-11.4754715,-10.641347,,
229,2021-02,1.647811675832772,1.9416,2.65,3.07,3.24,5336.7609,2021,2,2021-02-01,,7.178486,0.010331154,-0.0526371,0.02533245,,,,,,,,,,,
